{
 "grad_clip": 1.0, 
 "conditional": true, 
 "min_learning_rate": 1e-05, 
 "num_mixture": 20, 
 "is_training": true, 
 "input_dropout_prob": 0.9, 
 "kl_decay_rate": 0.99995, 
 "kl_tolerance": 0.2, 
 "random_scale_factor": 0.15, 
 "decay_rate": 0.9999, 
 "use_recurrent_dropout": true, 
 "num_steps": 100, 
 "use_output_dropout": false, 
 "max_seq_len": 101, 
 "z_size": 128, 
 "augment_stroke_prob": 0.1, 
 "learning_rate": 0.001, 
 "batch_size": 100, 
 "enc_model": "lstm", 
 "use_input_dropout": false, 
 "dec_model": "lstm", 
 "enc_rnn_size": 256, 
 "output_dropout_prob": 0.9, 
 "save_every": 10, 
 "kl_weight": 0.5, 
 "data_set": [
  "low_cov_normalized.npz"
 ], 
 "kl_weight_start": 0.01, 
 "dec_rnn_size": 256, 
 "recurrent_dropout_prob": 0.9
}